name,slug,url
1KOMMA5° Sverige,1komma5,https://1komma5.teamtailor.com
2LCollection,2lcollection,https://2lcollection.teamtailor.com
4C Associates,4cassociates,https://4cassociates.teamtailor.com
4OC,4oc,https://4oc.teamtailor.com
73 Strings,73strings,https://73strings.teamtailor.com
ÅBEN,aabenbryg,https://aabenbryg.teamtailor.com
AAF/Dinair,aafdinair,https://aafdinair.teamtailor.com
Above Agency,above,https://above.teamtailor.com
Abright,abright,https://abright.teamtailor.com
Accelerate,accelerate,https://accelerate.teamtailor.com
Accessiway,accessiway,https://accessiway.teamtailor.com
Acme Corp,acmecorp,https://acmecorp.teamtailor.com
The Acorn Group,acorngroup,https://acorngroup.teamtailor.com
ACP,acp,https://acp.teamtailor.com
Acumetis,acumetis,https://acumetis.teamtailor.com
Adam,adam,https://adam.teamtailor.com
Adaptive Teams,adaptiveteams,https://adaptiveteams.teamtailor.com
Addison Lee,addisonlee,https://addisonlee.teamtailor.com
Adevinta,adevinta,https://adevinta.teamtailor.com
Adform,adform,https://adform.teamtailor.com
adobe,adobe,https://adobe.teamtailor.com
AdsBack,adsback,https://adsback.teamtailor.com
Adsmurai,adsmurai,https://adsmurai.teamtailor.com
Advantage Medical Staffing,advantagemedicalstaffing,https://advantagemedicalstaffing.teamtailor.com
Advantmed,advantmed,https://advantmed.teamtailor.com
Adveez for talents,adveez,https://adveez.teamtailor.com
Advenica,advenica,https://advenica.teamtailor.com
Advokatfirman Delphi,advokatfirmandelphi,https://advokatfirmandelphi.teamtailor.com
adzu,adzu,https://adzu.teamtailor.com
aerones,aerones,https://aerones.teamtailor.com
AFNOR Groupe,afnorgroupe,https://afnorgroupe.teamtailor.com
Schibsted,aftonbladet,https://aftonbladet.teamtailor.com
AFTRAL,aftral,https://aftral.teamtailor.com
Again,again,https://again.teamtailor.com
Agap2,agap2,https://agap2.teamtailor.com
Agency,agency,https://agency.teamtailor.com
Agileday Oy,agiledayoy,https://agiledayoy.teamtailor.com
Agile Retail,agileretail,https://agileretail.teamtailor.com
Aidn,aidn,https://aidn.teamtailor.com
Aignostics,aignostics,https://aignostics.teamtailor.com
Aikido Security,aikidosecurity,https://aikidosecurity.teamtailor.com
AIOS,aios,https://aios.teamtailor.com
AIR,air,https://air.teamtailor.com
Aira,aira,https://aira.teamtailor.com
Air-e,aire,https://aire.teamtailor.com
Air products,airproducts,https://airproducts.teamtailor.com
Airshoppen Travel Retail,airshoppentravelretail,https://airshoppentravelretail.teamtailor.com
Aito,aito,https://aito.teamtailor.com
AJT Engineering,ajtengineering-1706701723,https://ajtengineering-1706701723.teamtailor.com
AKA,aka,https://aka.teamtailor.com
Akality,akality,https://akality.teamtailor.com
Àlber Blanc Capital,alberblanc,https://alberblanc.teamtailor.com
ALEA,alea,https://alea.teamtailor.com
Aleido Group,aleidogroup,https://aleidogroup.teamtailor.com
Alfa eCare,alfaecare,https://alfaecare.teamtailor.com
All.in People & Culture,allinpeoplecultureaipcug-1736947759,https://allinpeoplecultureaipcug-1736947759.teamtailor.com
Líbere Hospitality Group,alliron,https://alliron.teamtailor.com
ALP'AZUR HOTELS,alpazurhotels-1738160088,https://alpazurhotels-1738160088.teamtailor.com
Alpega,alpega,https://alpega.teamtailor.com
Altana Wealth Ltd,altanawealth,https://altanawealth.teamtailor.com
Alterneo Ecole,alterneo,https://alterneo.teamtailor.com
Alva Industries,alvaindustries,https://alvaindustries.teamtailor.com
Alva,alvalabs,https://alvalabs.teamtailor.com
Amarenco,amarenco,https://amarenco.teamtailor.com
Amerikanska Gymnasiet,amerikanskagymnasiet,https://amerikanskagymnasiet.teamtailor.com
Andara Economy,andaraeconomy,https://andaraeconomy.teamtailor.com
Andara Professionals,andaraprofessionals,https://andaraprofessionals.teamtailor.com
Angel,angel,https://angel.teamtailor.com
AniCura Group,anicuraglobal,https://anicuraglobal.teamtailor.com
Ánima,anima,https://anima.teamtailor.com
Anima App,animaapp-1721730147,https://animaapp-1721730147.teamtailor.com
Anthony Nolan,anthonynolan,https://anthonynolan.teamtailor.com
Antin Infrastructure Partners,antininfrastructurepartners-1655458195,https://antininfrastructurepartners-1655458195.teamtailor.com
Anzet A/S,anzet,https://anzet.teamtailor.com
Pearl Fintech,applicon,https://applicon.teamtailor.com
ApprovalMax,approvalmax,https://approvalmax.teamtailor.com
Appsilon,appsilon-1739358905,https://appsilon-1739358905.teamtailor.com
Arc,arc,https://arc.teamtailor.com
Architus,architus,https://architus.teamtailor.com
Archon,archon,https://archon.teamtailor.com
Ardent Pub Group,ardentpubgroup,https://ardentpubgroup.teamtailor.com
Ardonagh Specialty,ardonaghspeciality,https://ardonaghspeciality.teamtailor.com
Arinfo,arinfo-1730798401,https://arinfo-1730798401.teamtailor.com
Arion Recruitment,arionrecruitment-1705579161,https://arionrecruitment-1705579161.teamtailor.com
Arise AB,arise,https://arise.teamtailor.com
Aritma,aritmaas,https://aritmaas.teamtailor.com
Arkivet,arkivet,https://arkivet.teamtailor.com
Artificial Labs Ltd,artificiallabsltd,https://artificiallabsltd.teamtailor.com
art-K,artk-1722428056,https://artk-1722428056.teamtailor.com
as,as,https://as.teamtailor.com
Ascom,ascom,https://ascom.teamtailor.com
Asistensi,asistensi,https://asistensi.teamtailor.com
Askable,askable,https://askable.teamtailor.com
Ask Locala,asklocala-1671530238,https://asklocala-1671530238.teamtailor.com
Astrid & Miyu,astridmiyu,https://astridmiyu.teamtailor.com
Atdomco,atdomco-1739192595,https://atdomco-1739192595.teamtailor.com
Athletic Work,athleticwork,https://athleticwork.teamtailor.com
Atlantique Automatismes Incendie,atlantiqueautomatismesincendie,https://atlantiqueautomatismesincendie.teamtailor.com
Atlassian,atlassian,https://atlassian.teamtailor.com
ATREVIA,atrevia,https://atrevia.teamtailor.com
Attendo Sverige,attendosverige,https://attendosverige.teamtailor.com
ATTN.,attn,https://attn.teamtailor.com
Audencia,audencia,https://audencia.teamtailor.com
audibene,audibene,https://audibene.teamtailor.com
Audience Collective,audiencecollective,https://audiencecollective.teamtailor.com
Aurora Dairies,auroradairies,https://auroradairies.teamtailor.com
Auto24,auto24,https://auto24.teamtailor.com
AUTOCAR,autocar,https://autocar.teamtailor.com
Automation Consultants,automationconsultants,https://automationconsultants.teamtailor.com
Avaaz,avaaz,https://avaaz.teamtailor.com
Avallone,avallone,https://avallone.teamtailor.com
Avanza,avanza,https://avanza.teamtailor.com
Avisera,avisera,https://avisera.teamtailor.com
Axmed,axmed,https://axmed.teamtailor.com
AYU,ayu,https://ayu.teamtailor.com
Azqore SA,azqoresa,https://azqoresa.teamtailor.com
B3 Consulting Poland,b3consultingpoland,https://b3consultingpoland.teamtailor.com
BabySam AB,babysam,https://babysam.teamtailor.com
BACB,bacb,https://bacb.teamtailor.com
Bamboo,bamboo,https://bamboo.teamtailor.com
Bambuser,bambuser,https://bambuser.teamtailor.com
Diversifying Leadership,bamerecruitment,https://bamerecruitment.teamtailor.com
BARBRI,barbri,https://barbri.teamtailor.com
Barrie Knitwear,barrieknitwear,https://barrieknitwear.teamtailor.com
Bashor Children's Home,bashor,https://bashor.teamtailor.com
BCGE,bcge,https://bcge.teamtailor.com
BearingPoint Czech Republic,bearingpointczechrepublic,https://bearingpointczechrepublic.teamtailor.com
BearingPoint Netherlands,bearingpointnetherlands,https://bearingpointnetherlands.teamtailor.com
Berg Propulsion AB,bergpropulsion,https://bergpropulsion.teamtailor.com
BES Systemhaus GmbH,bessystemhausgmbh,https://bessystemhausgmbh.teamtailor.com
bet365,bet365,https://bet365.teamtailor.com
Better Dairy,betterdairy-1665413363,https://betterdairy-1665413363.teamtailor.com
Bihr,bihr,https://bihr.teamtailor.com
BirdLife International,birdlifeinternational,https://birdlifeinternational.teamtailor.com
Bloomberg,bloomberg,https://bloomberg.teamtailor.com
Bloq.it,bloqit,https://bloqit.teamtailor.com
Dazzle: Commercial & Office Cleaning | London,bluestorm,https://bluestorm.teamtailor.com
BLUGIALLO,blugiallo-1735384410,https://blugiallo-1735384410.teamtailor.com
BMI GlobalEd,bmiglobaled,https://bmiglobaled.teamtailor.com
Bobobox,bobobox,https://bobobox.teamtailor.com
Bodyguard,bodyguard,https://bodyguard.teamtailor.com
BOOST,boost-1743083678,https://boost-1743083678.teamtailor.com
Börjessons,borjessonkoncernen,https://borjessonkoncernen.teamtailor.com
Brabners,brabners,https://brabners.teamtailor.com
Brams Burgers,brams,https://brams.teamtailor.com
Breathe Battery Technologies,breathebatterytechnologies,https://breathebatterytechnologies.teamtailor.com
Bruce Studios,bruce,https://bruce.teamtailor.com
Brut. France,brutfrance,https://brutfrance.teamtailor.com
BRYTER,bryter,https://bryter.teamtailor.com
Bumper,bumper-1692709783,https://bumper-1692709783.teamtailor.com
bunny.net,bunnynet,https://bunnynet.teamtailor.com
Burger King Norge,burgerkingno,https://burgerkingno.teamtailor.com
CAB Group,cabgroup,https://cabgroup.teamtailor.com
CA Business Digital,cabusinessdigital,https://cabusinessdigital.teamtailor.com
Cainiao,cainiao,https://cainiao.teamtailor.com
Callen-Lenz,callenlenz,https://callenlenz.teamtailor.com
Cambio,cambio,https://cambio.teamtailor.com
JBS Executive Education Ltd,cambridgejudgebs,https://cambridgejudgebs.teamtailor.com
CAMCA,camca,https://camca.teamtailor.com
CameraMatics,cameramatics-1639649453,https://cameramatics-1639649453.teamtailor.com
Canva,canva,https://canva.teamtailor.com
Capago International,capago,https://capago.teamtailor.com
Capua,capua,https://capua.teamtailor.com
CarCutter,carcutter,https://carcutter.teamtailor.com
Teamtailor,career,https://career.teamtailor.com
Tecknuovo,careers-tecknuovo,https://careers-tecknuovo.teamtailor.com
Cartrack,cartrackasiacareerpage,https://cartrackasiacareerpage.teamtailor.com
carVertical,carvertical,https://carvertical.teamtailor.com
Carwow,carwow,https://carwow.teamtailor.com
Casambi,casambi,https://casambi.teamtailor.com
Caspeco,caspecoab,https://caspecoab.teamtailor.com
Catalonia hotels,cataloniahotels,https://cataloniahotels.teamtailor.com
Causeway Technologies,causeway-1588594217,https://causeway-1588594217.teamtailor.com
CDN77,cdn77,https://cdn77.teamtailor.com
CDP Global,cdpworldwide,https://cdpworldwide.teamtailor.com
Cedergrenska AB,cedergrenskaab,https://cedergrenskaab.teamtailor.com
Celebrus Technologies plc,celebrus,https://celebrus.teamtailor.com
Centio,centio,https://centio.teamtailor.com
Centra Technology,centra,https://centra.teamtailor.com
CENTURION SEARCH,centurion,https://centurion.teamtailor.com
Cepheo,cepheo,https://cepheo.teamtailor.com
Cequens,cequens,https://cequens.teamtailor.com
Cerdia International GmbH,cerdiainternationalgmbh,https://cerdiainternationalgmbh.teamtailor.com
Chapter 2,chapter2,https://chapter2.teamtailor.com
Chief,chief,https://chief.teamtailor.com
Chip,chip,https://chip.teamtailor.com
CI Games,cigames,https://cigames.teamtailor.com
CIPFA,cipfa,https://cipfa.teamtailor.com
Knauf Gypsum NEE South-East,ciscountriesknaufgypsumeasterneurop,https://ciscountriesknaufgypsumeasterneurop.teamtailor.com
Citysjukhuset +7,citysjukhuset,https://citysjukhuset.teamtailor.com
ClearRoute,clearroute,https://clearroute.teamtailor.com
Clickatell,clickatell,https://clickatell.teamtailor.com
Click&Boat,clickboat,https://clickboat.teamtailor.com
ClickOut Media,clickoutmedia,https://clickoutmedia.teamtailor.com
ClickTech,clicktech,https://clicktech.teamtailor.com
ClickView,clickview,https://clickview.teamtailor.com
Clinton,clinton,https://clinton.teamtailor.com
Clovr Labs,clovrlabs,https://clovrlabs.teamtailor.com
CMBlu Energy AG,cmbluenergyag,https://cmbluenergyag.teamtailor.com
CmdScale GmbH,cmdscale,https://cmdscale.teamtailor.com
&Co,co,https://co.teamtailor.com
Codento,codento,https://codento.teamtailor.com
Codestone,codestone,https://codestone.teamtailor.com
CoinPoker,coinpoker,https://coinpoker.teamtailor.com
Cold Culture,coldculture,https://coldculture.teamtailor.com
Colosseum Tandlægerne,colosseumklinikken,https://colosseumklinikken.teamtailor.com
Colossyan,colossyan,https://colossyan.teamtailor.com
Colten Care,coltencare,https://coltencare.teamtailor.com
com,com,https://com.teamtailor.com
Combine,combine,https://combine.teamtailor.com
Combo,combo,https://combo.teamtailor.com
Computer Sweden Recruitment,computerswedenrecruitment,https://computerswedenrecruitment.teamtailor.com
Confirma Software,confirmasoftware,https://confirmasoftware.teamtailor.com
Connectel,connectel,https://connectel.teamtailor.com
Connect Talent Solutions,connecttalentsolutionsjobs,https://connecttalentsolutionsjobs.teamtailor.com
Consea America,conseagroup,https://conseagroup.teamtailor.com
CONSTRUCCIONES RUBAU,construccionsrubau,https://construccionsrubau.teamtailor.com
Copenhagen Optimization,copenhagenoptimization,https://copenhagenoptimization.teamtailor.com
Corndel,corndel,https://corndel.teamtailor.com
cornell,cornell,https://cornell.teamtailor.com
Banco Covalto,covalto,https://covalto.teamtailor.com
cpa,cpa,https://cpa.teamtailor.com
Creditspring,creditspring,https://creditspring.teamtailor.com
CR Group Nordic AB,cresiliens,https://cresiliens.teamtailor.com
Crystal Intelligence,crystalintelligence,https://crystalintelligence.teamtailor.com
CSSD,cssd,https://cssd.teamtailor.com
CubicWorks,cubicworks,https://cubicworks.teamtailor.com
CurifyLabs,curifylabs,https://curifylabs.teamtailor.com
CybelAngel,cybelangel,https://cybelangel.teamtailor.com
CyberOne,cyberone-security,https://cyberone-security.teamtailor.com
Dabble,dabble,https://dabble.teamtailor.com
Dallas Holdings - Pret A Manger,dallasholdings,https://dallasholdings.teamtailor.com
Dansk Industri,danskindustri,https://danskindustri.teamtailor.com
David Kennedy Recruitment,davidkennedyrecruitment,https://davidkennedyrecruitment.teamtailor.com
ddmg,ddmg,https://ddmg.teamtailor.com
Dedomainia,dedomainia,https://dedomainia.teamtailor.com
Deezer,deezer,https://deezer.teamtailor.com
De Historiske,dehistoriske,https://dehistoriske.teamtailor.com
Delco AB,delco,https://delco.teamtailor.com
Delve Interim & Search,delve,https://delve.teamtailor.com
Detectify,detectify,https://detectify.teamtailor.com
DFDS France,dfdsfrance,https://dfdsfrance.teamtailor.com
Dignio,dignio-amby,https://dignio-amby.teamtailor.com
Diös Fastigheter,dios,https://dios.teamtailor.com
Directio Sp. z o.o.,directio,https://directio.teamtailor.com
Direct Medics,directmedics,https://directmedics.teamtailor.com
Disruptive Industries,disruptiveindustries,https://disruptiveindustries.teamtailor.com
DKK,dkk,https://dkk.teamtailor.com
DMB,dmm,https://dmm.teamtailor.com
DNA Payments,dnapayments,https://dnapayments.teamtailor.com
Doconomy,doconomy,https://doconomy.teamtailor.com
Doctify,doctify,https://doctify.teamtailor.com
DOGA,doga,https://doga.teamtailor.com
Donor Development Strategies,donordevelopmentstrategies,https://donordevelopmentstrategies.teamtailor.com
Doodle,doodle,https://doodle.teamtailor.com
Dover Park Hospice,doverparkhospice-1726647805,https://doverparkhospice-1726647805.teamtailor.com
Doxallia,doxallia,https://doxallia.teamtailor.com
Draivi,draivimedia,https://draivimedia.teamtailor.com
Duck Duck Go,duckduckgo,https://duckduckgo.teamtailor.com
DUSK,dusk,https://dusk.teamtailor.com
Ear to the Ground,eartotheground,https://eartotheground.teamtailor.com
EAT HAPPY GROUP,eathappygroup,https://eathappygroup.teamtailor.com
EBU,ebu,https://ebu.teamtailor.com
Eckerö Line,eckeroline,https://eckeroline.teamtailor.com
Twins,eco,https://eco.teamtailor.com
Ecobio,ecobio,https://ecobio.teamtailor.com
EcoOnline,ecoonline,https://ecoonline.teamtailor.com
Edelmann Group,edelmanngroup,https://edelmanngroup.teamtailor.com
Ed:Za,edzagroup,https://edzagroup.teamtailor.com
EER Poland,eerpoland,https://eerpoland.teamtailor.com
EFAP,efap,https://efap.teamtailor.com
Eficode,eficode,https://eficode.teamtailor.com
EIT RawMaterials,eitrawmaterialsgmbh,https://eitrawmaterialsgmbh.teamtailor.com
Joul-cie,ekwateur,https://ekwateur.teamtailor.com
Elate Recruitment,elaterecruitment,https://elaterecruitment.teamtailor.com
Elavate,elavate,https://elavate.teamtailor.com
Electrify,electrify,https://electrify.teamtailor.com
ELIA,elia,https://elia.teamtailor.com
ELLIPSIS,ellipsis,https://ellipsis.teamtailor.com
ELSA,elsa,https://elsa.teamtailor.com
Embark Studios,embarkstudios,https://embarkstudios.teamtailor.com
Emperor,emperor,https://emperor.teamtailor.com
Enaex Perú,enaexperu,https://enaexperu.teamtailor.com
Enfuce,enfuceoy,https://enfuceoy.teamtailor.com
Engaged,engagedhr,https://engagedhr.teamtailor.com
Robin,eniro,https://eniro.teamtailor.com
Enora,enora,https://enora.teamtailor.com
EPA,epa,https://epa.teamtailor.com
Epiminds,epimindsab,https://epimindsab.teamtailor.com
Epsor,epsor,https://epsor.teamtailor.com
ERIS,eris,https://eris.teamtailor.com
Erlang Solutions,erlangsolutions,https://erlangsolutions.teamtailor.com
ERNI Philippines,ernicareersph,https://ernicareersph.teamtailor.com
Ersta diakoni,erstadiakoni,https://erstadiakoni.teamtailor.com
Esker,esker,https://esker.teamtailor.com
Esker U.S.,eskerinc,https://eskerinc.teamtailor.com
Eskimi,eskimi,https://eskimi.teamtailor.com
EST,est,https://est.teamtailor.com
ESTREEM,estreem,https://estreem.teamtailor.com
Etraveli Group,etraveligroup,https://etraveligroup.teamtailor.com
Euronovate Group,euronovategroup,https://euronovategroup.teamtailor.com
EUTALENTS,eutalents,https://eutalents.teamtailor.com
EveryMatrix,everymatrix,https://everymatrix.teamtailor.com
Carasent,evimeria-1607938027,https://evimeria-1607938027.teamtailor.com
evroc,evrocab-1692891239,https://evrocab-1692891239.teamtailor.com
EWOR GmbH,eworgmbh,https://eworgmbh.teamtailor.com
SMOLLAN,externalia-1749745260,https://externalia-1749745260.teamtailor.com
Facebook,facebook,https://facebook.teamtailor.com
Fallon & Byrne,fallonbyrne,https://fallonbyrne.teamtailor.com
Famly,famly,https://famly.teamtailor.com
Ocab AS,fbs,https://fbs.teamtailor.com
Felyx,felyx-1732008592,https://felyx-1732008592.teamtailor.com
Ferry,ferry,https://ferry.teamtailor.com
Feskekörka,feskekorka,https://feskekorka.teamtailor.com
Fifth Gear Automotive,fifthgearautomotive,https://fifthgearautomotive.teamtailor.com
Figured,figured,https://figured.teamtailor.com
Finixio,finixio,https://finixio.teamtailor.com
Finnish Design Shop,finnishdesignshop,https://finnishdesignshop.teamtailor.com
Finnplay,finnplay,https://finnplay.teamtailor.com
FinteqHub,finteqhub,https://finteqhub.teamtailor.com
First,first,https://first.teamtailor.com
Fitness Lifestyle International (FLI),fitnesslifestyleinternationalfli,https://fitnesslifestyleinternationalfli.teamtailor.com
FitXR,fitxr-1642768457,https://fitxr-1642768457.teamtailor.com
fiver,five,https://five.teamtailor.com
Flanks,flanks,https://flanks.teamtailor.com
FlightStory,flightstory,https://flightstory.teamtailor.com
Flower,flower,https://flower.teamtailor.com
flowplayer,flowplayer,https://flowplayer.teamtailor.com
FMCG Partner,fmcg,https://fmcg.teamtailor.com
FONDAZIONE L'ALBERO DELLA VITA,fondazionelalberodellavita-1745325761,https://fondazionelalberodellavita-1745325761.teamtailor.com
Foodtel,foodtel,https://foodtel.teamtailor.com
Footasylum,footasylum,https://footasylum.teamtailor.com
force,force,https://force.teamtailor.com
Foreign Affairs Auto,foreignaffairsauto,https://foreignaffairsauto.teamtailor.com
Forenede Care,forenadecare,https://forenadecare.teamtailor.com
Försvarsutbildarna,forsvarsutbildarna,https://forsvarsutbildarna.teamtailor.com
Fortnox AB,fortnoxab,https://fortnoxab.teamtailor.com
Fortray Global Services Ltd,fortrayglobalservices,https://fortrayglobalservices.teamtailor.com
Fotografiska Stockholm,fotografiska,https://fotografiska.teamtailor.com
Foundation Partners,foundationpartners,https://foundationpartners.teamtailor.com
Founders Pledge,founderspledge,https://founderspledge.teamtailor.com
Four FM AB,fourfmab,https://fourfmab.teamtailor.com
Four Principles,fourprinciples,https://fourprinciples.teamtailor.com
FRANCE WORK,francework,https://francework.teamtailor.com
Friluftsland,friluftsland,https://friluftsland.teamtailor.com
FT,ft,https://ft.teamtailor.com
Full Fabric,fullfabricspoonsixlimited,https://fullfabricspoonsixlimited.teamtailor.com
Fully,fully,https://fully.teamtailor.com
Funnel,funnel,https://funnel.teamtailor.com
Fussy,fussy-1738679774,https://fussy-1738679774.teamtailor.com
FVBU,fvbu,https://fvbu.teamtailor.com
GAC Motor Europe B.V.,gacmotoreuropebv-1747132357,https://gacmotoreuropebv-1747132357.teamtailor.com
Genius,genius,https://genius.teamtailor.com
Gestamp HardTech AB,gestamp,https://gestamp.teamtailor.com
GetBusy,getbusy-1642003472,https://getbusy-1642003472.teamtailor.com
GetResponse,getresponse,https://getresponse.teamtailor.com
GGA Solutions,ggasolutions,https://ggasolutions.teamtailor.com
Ghana International Bank,ghanainternationalbank-1644937212,https://ghanainternationalbank-1644937212.teamtailor.com
GHGSat,ghgsat,https://ghgsat.teamtailor.com
Gi Group Holding,gigroupholding,https://gigroupholding.teamtailor.com
GIM Robotics,gimrobotics,https://gimrobotics.teamtailor.com
Global66,global66,https://global66.teamtailor.com
Global Human Resources,globalhr,https://globalhr.teamtailor.com
GlobeSearch A/S,globesearchas-1745424407,https://globesearchas-1745424407.teamtailor.com
GML A/S,gmlhr,https://gmlhr.teamtailor.com
Gnotec China,gnotecchina,https://gnotecchina.teamtailor.com
GoDutch,godutch,https://godutch.teamtailor.com
goFLUENT,gofluentjobs-1737148459,https://gofluentjobs-1737148459.teamtailor.com
Goodgame Studios,goodgamestudios,https://goodgamestudios.teamtailor.com
Goodiebox,goodiebox,https://goodiebox.teamtailor.com
Grail Talent,grailtalent-1730296269,https://grailtalent-1730296269.teamtailor.com
GRAM Group,gramgroup,https://gramgroup.teamtailor.com
Gränsö Slott,gransoslott,https://gransoslott.teamtailor.com
Grant Thornton Sweden,grantthornton,https://grantthornton.teamtailor.com
Gravitee,graviteetopcoltd,https://graviteetopcoltd.teamtailor.com
GRAVITY,gravity,https://gravity.teamtailor.com
Great Northern A/S,greatnorthernas,https://greatnorthernas.teamtailor.com
Greencastle Digital,greencastledigital,https://greencastledigital.teamtailor.com
Groupe Fete Sensation,groupefetesensation,https://groupefetesensation.teamtailor.com
group one DE,grouponede,https://grouponede.teamtailor.com
GSS UK Services Limited,gssukserviceslimited,https://gssukserviceslimited.teamtailor.com
GTE,gtecombv,https://gtecombv.teamtailor.com
GUICAR S.L.,guicarsl,https://guicarsl.teamtailor.com
Global University Systems (GUS),gusglobaluniversitysystems,https://gusglobaluniversitysystems.teamtailor.com
Global University Systems (GUS),gusglobaluniversitysystems-futurelearn,https://gusglobaluniversitysystems-futurelearn.teamtailor.com
Global University Systems (GUS),gusglobaluniversitysystems-global-university-systems,https://gusglobaluniversitysystems-global-university-systems.teamtailor.com
GVV,gvv,https://gvv.teamtailor.com
Gynea,gynea,https://gynea.teamtailor.com
Habitat et Jardin,habitatetjardin,https://habitatetjardin.teamtailor.com
Hadean,hadean,https://hadean.teamtailor.com
Hadron Labs,hadronlabs,https://hadronlabs.teamtailor.com
Hakonen konserni,hakonensolutionsoy,https://hakonensolutionsoy.teamtailor.com
Entropos,hanap,https://hanap.teamtailor.com
Hanbury Strategy,hanburystrategy,https://hanburystrategy.teamtailor.com
Handy,handy,https://handy.teamtailor.com
Hansa Biopharma,hansabiopharma,https://hansabiopharma.teamtailor.com
Hanseranking GmbH,hanseranking,https://hanseranking.teamtailor.com
HarfangLab,harfanglab-1666711819,https://harfanglab-1666711819.teamtailor.com
hashtag,hashtag,https://hashtag.teamtailor.com
Health & Care Management LTD (HCML),healthcaremanagement-1748525036,https://healthcaremanagement-1748525036.teamtailor.com
HelioCampus,heliocampus,https://heliocampus.teamtailor.com
Proper,helloproper,https://helloproper.teamtailor.com
Hem,hem,https://hem.teamtailor.com
Here,here,https://here.teamtailor.com
hex,hex,https://hex.teamtailor.com
heyData GmbH,heydata,https://heydata.teamtailor.com
Hifab,hifab,https://hifab.teamtailor.com
Highsoft,highsoft,https://highsoft.teamtailor.com
Hiire,hiire,https://hiire.teamtailor.com
Sanchez group,hijadesanchez,https://hijadesanchez.teamtailor.com
HIJI,hiji,https://hiji.teamtailor.com
Hivebrite,hivebrite,https://hivebrite.teamtailor.com
HIVED,hivedhq,https://hivedhq.teamtailor.com
HLM,hlm,https://hlm.teamtailor.com
Hobbii,hobbii,https://hobbii.teamtailor.com
Hofseth,hofseth,https://hofseth.teamtailor.com
Hōhepa Canterbury,hohepacanterbury,https://hohepacanterbury.teamtailor.com
Hollis,hollis,https://hollis.teamtailor.com
Hometree Group,hometree-1690194722,https://hometree-1690194722.teamtailor.com
Horse Powertrain,horse,https://horse.teamtailor.com
Hospitality2day,hospitality2day-1697031971,https://hospitality2day-1697031971.teamtailor.com
How&How,howhowltd,https://howhowltd.teamtailor.com
Hp Search,hpsearch-1680505488,https://hpsearch-1680505488.teamtailor.com
neuefische GmbH,hrneuefische,https://hrneuefische.teamtailor.com
Huawei Sweden,huawei,https://huawei.teamtailor.com
Huawei Europe,huaweidusseldorf-1719303222,https://huaweidusseldorf-1719303222.teamtailor.com
Huawei Finland R&D,huaweifinlandrnd,https://huaweifinlandrnd.teamtailor.com
Huawei Ireland Research Centre,huaweiireland,https://huaweiireland.teamtailor.com
Huawei Research Center Germany,huaweiresearchcentergermanyaustria,https://huaweiresearchcentergermanyaustria.teamtailor.com
Huawei R&D UK,huaweiuk,https://huaweiuk.teamtailor.com
Humanise,humanisecollective,https://humanisecollective.teamtailor.com
Hybrid Air Vehicles Limited,hybridairvehicleslimited,https://hybridairvehicleslimited.teamtailor.com
Hyde Recruit,hyderecruit-1738224490,https://hyderecruit-1738224490.teamtailor.com
HyperGrowth Recruitment,hypergrowthrecruitment,https://hypergrowthrecruitment.teamtailor.com
Hyperion Robotics,hyperionrobotics,https://hyperionrobotics.teamtailor.com
HyPrSpace,hyprspace-1708613410,https://hyprspace-1708613410.teamtailor.com
Ica Kvantum Södermalm,icakvantumsodermalm,https://icakvantumsodermalm.teamtailor.com
idealista,idealista,https://idealista.teamtailor.com
IKEA Latvija,ikealatvia,https://ikealatvia.teamtailor.com
IKEA Lietuva,ikealithuania,https://ikealithuania.teamtailor.com
Important Looking Pirates,ilpvfx,https://ilpvfx.teamtailor.com
IMPOWER Consulting,impowerconsulting,https://impowerconsulting.teamtailor.com
Incenteev,incenteev,https://incenteev.teamtailor.com
Incision,incision,https://incision.teamtailor.com
Influencer,influencer,https://influencer.teamtailor.com
Inforcer,inforcer,https://inforcer.teamtailor.com
Infront,infrontsportsmediaag,https://infrontsportsmediaag.teamtailor.com
Ingeteam,ingeteam,https://ingeteam.teamtailor.com
INHAUS,inhaus,https://inhaus.teamtailor.com
Innovamat,innovamat,https://innovamat.teamtailor.com
Intel,intel,https://intel.teamtailor.com
Intent HQ,intenthq,https://intenthq.teamtailor.com
The Interface Financial Group,interfacefinancial,https://interfacefinancial.teamtailor.com
Interrupt Labs,interruptlabs,https://interruptlabs.teamtailor.com
Inven,inven,https://inven.teamtailor.com
IPF Digital,ipfdigital,https://ipfdigital.teamtailor.com
iQ Biosciences,iqbiosciences,https://iqbiosciences.teamtailor.com
IQM Quantum Computers,iqm,https://iqm.teamtailor.com
iSales,isales,https://isales.teamtailor.com
ISO,iso,https://iso.teamtailor.com
ISPM,ispm,https://ispm.teamtailor.com
ISS International SpA,issinternational,https://issinternational.teamtailor.com
Itera Denmark,iteradenmark,https://iteradenmark.teamtailor.com
Itera Iceland,iteraiceland,https://iteraiceland.teamtailor.com
Itera Sweden,iterasweden,https://iterasweden.teamtailor.com
ITM Tanzania Limited,itmtanzanialimited,https://itmtanzanialimited.teamtailor.com
JA Resorts & Hotels,jaresortshotels,https://jaresortshotels.teamtailor.com
J&B Hopkins,jbhopkins,https://jbhopkins.teamtailor.com
KITS,jobba-pa-kits,https://jobba-pa-kits.teamtailor.com
Jobs In. Fitness,jobsinfitness,https://jobsinfitness.teamtailor.com
Buena GmbH,joinbuena,https://joinbuena.teamtailor.com
JRNI,jrni,https://jrni.teamtailor.com
Justera Group,justergroupab,https://justergroupab.teamtailor.com
JUSU Brothers,jusubrothers,https://jusubrothers.teamtailor.com
JVAI,jvai,https://jvai.teamtailor.com
Karnov Group,karnovgroupdenmark,https://karnovgroupdenmark.teamtailor.com
Katapult,katapult,https://katapult.teamtailor.com
Keewe,keewe-recrutement,https://keewe-recrutement.teamtailor.com
Health Innovation Kent Surrey Sussex (KSS AHSN),kentsurreysussexahsnltd,https://kentsurreysussexahsnltd.teamtailor.com
KEO,keo,https://keo.teamtailor.com
KEON,keon,https://keon.teamtailor.com
Kepler Cheuvreux,keplercheuvreux,https://keplercheuvreux.teamtailor.com
Kernel Wealth,kernel,https://kernel.teamtailor.com
Kernkraftwerk Leibstadt AG,kernkraftwerkleibstadtag,https://kernkraftwerkleibstadtag.teamtailor.com
Kesko Senukai Digital,keskosenukaidigital,https://keskosenukaidigital.teamtailor.com
KIXEYE,kixeye,https://kixeye.teamtailor.com
knowmad mood,knowmadmood,https://knowmadmood.teamtailor.com
Koji,koji,https://koji.teamtailor.com
Kolecto,kolecto-1739351560,https://kolecto-1739351560.teamtailor.com
Kolsquare,kolsquareteamblue,https://kolsquareteamblue.teamtailor.com
Korpelan Voima,korpelanvoima,https://korpelanvoima.teamtailor.com
Kings League,kosmos,https://kosmos.teamtailor.com
KPMG Global Services Hungary,kpmgglobalservices,https://kpmgglobalservices.teamtailor.com
KTU,ktu,https://ktu.teamtailor.com
Kvarterskliniken,kvarterskliniken,https://kvarterskliniken.teamtailor.com
Lakeshore Family Dentistry,lakeshorefamilydentistry-1579651060,https://lakeshorefamilydentistry-1579651060.teamtailor.com
Land App,landapp-1744899820,https://landapp-1744899820.teamtailor.com
Lavish Alice,lavishalice,https://lavishalice.teamtailor.com
Lead Candidate,leadcandidate-1705924523,https://leadcandidate-1705924523.teamtailor.com
Leaf Space,leafspace,https://leafspace.teamtailor.com
Leb,leb,https://leb.teamtailor.com
Lendurai,lendurai,https://lendurai.teamtailor.com
L'Equipe,lequipe,https://lequipe.teamtailor.com
Leroy Merlin,leroymerlin,https://leroymerlin.teamtailor.com
Let's Do This,letsdothis-1704821225,https://letsdothis-1704821225.teamtailor.com
LeTueLezioni,letuelezioni,https://letuelezioni.teamtailor.com
Le Wagon,lewagon,https://lewagon.teamtailor.com
Lexly,lexly1,https://lexly1.teamtailor.com
Leyton,leytonglobal-germany,https://leytonglobal-germany.teamtailor.com
LH Affärsutveckling,lhaffarsutveckling,https://lhaffarsutveckling.teamtailor.com
LHi Group,lhigroup,https://lhigroup.teamtailor.com
Liber,liber,https://liber.teamtailor.com
Liberty Music PR,libertymusicpr,https://libertymusicpr.teamtailor.com
Life Sverige,life,https://life.teamtailor.com
LIGENTEC,ligentec,https://ligentec.teamtailor.com
RUNA,lightstonefbab,https://lightstonefbab.teamtailor.com
Lightyear,lightyear,https://lightyear.teamtailor.com
Linaker,linaker-1682670281,https://linaker-1682670281.teamtailor.com
LineTen,lineten,https://lineten.teamtailor.com
Lingoda,lingoda,https://lingoda.teamtailor.com
Linical,linical,https://linical.teamtailor.com
Little Dot Studios,littledotstudios,https://littledotstudios.teamtailor.com
LIM SRL,littleitalybarbershop,https://littleitalybarbershop.teamtailor.com
Livi Healthcare,livihealthcare,https://livihealthcare.teamtailor.com
Livo Health,livo,https://livo.teamtailor.com
LMI Technologies,lmitechnologies,https://lmitechnologies.teamtailor.com
Loaf,loaf,https://loaf.teamtailor.com
Loft,loft,https://loft.teamtailor.com
Logbook,logbook,https://logbook.teamtailor.com
Log my Care,logmycare-1732894388,https://logmycare-1732894388.teamtailor.com
team.blue Sweden,loopia,https://loopia.teamtailor.com
"Love, Bonito",lovebonito,https://lovebonito.teamtailor.com
LRG,lrgcareers,https://lrgcareers.teamtailor.com
LSK Group Oy,lskgroupoy,https://lskgroupoy.teamtailor.com
Puzzle,lucy,https://lucy.teamtailor.com
Ludicrum Tech,ludicrumtech,https://ludicrumtech.teamtailor.com
LumenRadio,lumenradio,https://lumenradio.teamtailor.com
Luminor Group,luminorbank,https://luminorbank.teamtailor.com
Luzia,luzia,https://luzia.teamtailor.com
M3,m3,https://m3.teamtailor.com
Maclès Immobilier,maclesimmobilier,https://maclesimmobilier.teamtailor.com
MADE,made,https://made.teamtailor.com
Maersk,maersk,https://maersk.teamtailor.com
MÄN,man,https://man.teamtailor.com
M&S Opticians,mandsopticians,https://mandsopticians.teamtailor.com
ManoMotion,manomotion,https://manomotion.teamtailor.com
Manyone,manyone,https://manyone.teamtailor.com
MAP,map,https://map.teamtailor.com
Maritime & Healthcare Group,maritimeandhealthcaregroup,https://maritimeandhealthcaregroup.teamtailor.com
Marketleap,marketleap,https://marketleap.teamtailor.com
Marktlink,marktlink,https://marktlink.teamtailor.com
Mathspace,mathspace,https://mathspace.teamtailor.com
Matilda FoodTech,matildafoodtech,https://matildafoodtech.teamtailor.com
Maxine,maxine,https://maxine.teamtailor.com
Mazzei Group,mazzeigroup-1750399679-mazzei-group,https://mazzeigroup-1750399679-mazzei-group.teamtailor.com
McLaren,mclaren,https://mclaren.teamtailor.com
MDPI,mdpi,https://mdpi.teamtailor.com
Mecenat,mecenat,https://mecenat.teamtailor.com
Medefer,medefer,https://medefer.teamtailor.com
Medialab Group,medialab,https://medialab.teamtailor.com
Medline Europe,medline,https://medline.teamtailor.com
Mendo.ai,mendoai-1730204279,https://mendoai-1730204279.teamtailor.com
Merlin Digital Partner,merlindigitalpartner-1613753675,https://merlindigitalpartner-1613753675.teamtailor.com
MHP Group,mhpgroup,https://mhpgroup.teamtailor.com
Migs,migs,https://migs.teamtailor.com
Mindler,mindler,https://mindler.teamtailor.com
Mintos,mintos,https://mintos.teamtailor.com
Mio BPA,miogruppen,https://miogruppen.teamtailor.com
Miss Moneypenny Technologies GmbH,missmoneypennytechnologies,https://missmoneypennytechnologies.teamtailor.com
MMO,mmo,https://mmo.teamtailor.com
Mobysoft,mobysoft,https://mobysoft.teamtailor.com
Modulai,modulai,https://modulai.teamtailor.com
Moonfrog Labs,moonfroglabsbystillfront,https://moonfroglabsbystillfront.teamtailor.com
Moonly,moonly,https://moonly.teamtailor.com
Morris Group Site,morrisgroupsite,https://morrisgroupsite.teamtailor.com
Morris Midwest,morrismidwest,https://morrismidwest.teamtailor.com
Morris South,morrissouth,https://morrissouth.teamtailor.com
Mother Root,motherroot,https://motherroot.teamtailor.com
Moto,moto,https://moto.teamtailor.com
Motorica,motorica,https://motorica.teamtailor.com
Cazoo & MOTORS,motors,https://motors.teamtailor.com
MP Systems,mpsystems,https://mpsystems.teamtailor.com
MRF,mrf,https://mrf.teamtailor.com
MULTIVERSE COMPUTING,multiversecomputing,https://multiversecomputing.teamtailor.com
Munu,munu,https://munu.teamtailor.com
Musky by GCO Ventures,musky,https://musky.teamtailor.com
MWM,mwm,https://mwm.teamtailor.com
Mynt,mynt,https://mynt.teamtailor.com
myPOS Partners,myposconsultant,https://myposconsultant.teamtailor.com
MyTraffic,mytraffic,https://mytraffic.teamtailor.com
NAFFCO,naffco,https://naffco.teamtailor.com
Nanobit,nanobit,https://nanobit.teamtailor.com
Native,native,https://native.teamtailor.com
Nator Personal,nator,https://nator.teamtailor.com
NebXcore,nebxcore,https://nebxcore.teamtailor.com
Negri & Associati - ricerca e selezione di personale qualificato,negrieassociati,https://negrieassociati.teamtailor.com
Viaplay Group,nent,https://nent.teamtailor.com
NEO2 Consultant,neo2consultant,https://neo2consultant.teamtailor.com
Netenders Holding,netendersholding,https://netendersholding.teamtailor.com
Netflix,netflix,https://netflix.teamtailor.com
"NetVirta, Inc",netvirta,https://netvirta.teamtailor.com
Networkology,networkology-1743416781,https://networkology-1743416781.teamtailor.com
New Moon Production,newmoonproduction,https://newmoonproduction.teamtailor.com
news,news,https://news.teamtailor.com
Nexer Group,nexergroup,https://nexergroup.teamtailor.com
Nexer Infrastructure,nexerinfrastructure,https://nexerinfrastructure.teamtailor.com
Next Lotto GmbH,nextlottogmbh,https://nextlottogmbh.teamtailor.com
nfmg,nfmg,https://nfmg.teamtailor.com
Nimblr,nimblrab,https://nimblrab.teamtailor.com
Nir Yu,niryu,https://niryu.teamtailor.com
Njord Survey,njordsurvey,https://njordsurvey.teamtailor.com
Nobu Hotel Ibiza Bay,nobuhotels,https://nobuhotels.teamtailor.com
Noda,noda-1720000970,https://noda-1720000970.teamtailor.com
NOK Human Capital,nokhumancapital,https://nokhumancapital.teamtailor.com
Noli Studios,nolistudiosfinlandoy,https://nolistudiosfinlandoy.teamtailor.com
Nonconformist,nonconformist,https://nonconformist.teamtailor.com
Nordic Air Defence,nordicairdefence,https://nordicairdefence.teamtailor.com
Nordic Knots AB,nordicknotsab,https://nordicknotsab.teamtailor.com
Nordic Talent,nordictalent,https://nordictalent.teamtailor.com
Nordiska Kliniken,nordiskakliniken,https://nordiskakliniken.teamtailor.com
Nordiska museet,nordiskamuseet,https://nordiskamuseet.teamtailor.com
Norevie,norevie-1742377716,https://norevie-1742377716.teamtailor.com
Nortek Group,nortekgroup,https://nortekgroup.teamtailor.com
Noteless (Amby account),noteless-amby,https://noteless-amby.teamtailor.com
nPlan,nplan,https://nplan.teamtailor.com
Nur,nur,https://nur.teamtailor.com
Nye og Kloke Hoder,nyeogklokehoder,https://nyeogklokehoder.teamtailor.com
NYM,nym,https://nym.teamtailor.com
NZ,nz,https://nz.teamtailor.com
Oak Consulting,oakconsulting,https://oakconsulting.teamtailor.com
OCA Global,ocaglobal,https://ocaglobal.teamtailor.com
Oliva,olivahealth,https://olivahealth.teamtailor.com
Omnicom Media,omnicomsweden,https://omnicomsweden.teamtailor.com
Oner Active,oneractive,https://oneractive.teamtailor.com
OODC,oodc,https://oodc.teamtailor.com
Open House London,openhouse,https://openhouse.teamtailor.com
Opply,opply-1682428990,https://opply-1682428990.teamtailor.com
OPTIVEUM sp. z o.o.,optiveumspzoo,https://optiveumspzoo.teamtailor.com
Orbio World,orbioworld,https://orbioworld.teamtailor.com
OrderYOYO,orderyoyo,https://orderyoyo.teamtailor.com
Öresund IT,oresundit,https://oresundit.teamtailor.com
Oris Dental Sverige,orisdentalsverige,https://orisdentalsverige.teamtailor.com
Orkla Food Ingredients,orklafood-ingredients,https://orklafood-ingredients.teamtailor.com
OTP - Oficina Técnica de Prevención,otp,https://otp.teamtailor.com
Our Common Home,ourcommonhome,https://ourcommonhome.teamtailor.com
ox8 Corporate Finance GmbH,ox8-cf,https://ox8-cf.teamtailor.com
Simple Life App / Zing Coach,palta,https://palta.teamtailor.com
Pandox Belgium,pandox-belgium-careers,https://pandox-belgium-careers.teamtailor.com
Paradox Interactive,paradox-interactive,https://paradox-interactive.teamtailor.com
parcelLab,parcellab,https://parcellab.teamtailor.com
Pareto Securities,paretosecurities,https://paretosecurities.teamtailor.com
Parkster GmbH,parkster,https://parkster.teamtailor.com
Parkster AB,parksterab,https://parksterab.teamtailor.com
Partnerd,partnerd,https://partnerd.teamtailor.com
PassiveLogic,passivelogic,https://passivelogic.teamtailor.com
Payne Talent,paynetalent,https://paynetalent.teamtailor.com
Paysend,paysend,https://paysend.teamtailor.com
pcas,pcas,https://pcas.teamtailor.com
Peak Performance,peakperformance,https://peakperformance.teamtailor.com
Perkbox,perkboxvivup,https://perkboxvivup.teamtailor.com
PFX,pfx,https://pfx.teamtailor.com
Physitrack,physitrack,https://physitrack.teamtailor.com
Pincho Nation Denmark,pinchonationdenmark,https://pinchonationdenmark.teamtailor.com
Piscer AB,piscerab,https://piscerab.teamtailor.com
Pixion Games,pixiongames,https://pixiongames.teamtailor.com
Kirk & Dupont,pkd,https://pkd.teamtailor.com
PKF Smith Cooper,pkfsmithcooper,https://pkfsmithcooper.teamtailor.com
Planted Foods AG,plantedfoodsag,https://plantedfoodsag.teamtailor.com
Playa Games,playagames,https://playagames.teamtailor.com
Plummy Games,plummygames,https://plummygames.teamtailor.com
Polestar,polestar,https://polestar.teamtailor.com
PolyPeptide US,polypeptideus,https://polypeptideus.teamtailor.com
Pontus Frithiof Crew AB,pontusfrithiof2021,https://pontusfrithiof2021.teamtailor.com
Power Danmark,power,https://power.teamtailor.com
Power SE,powerse,https://powerse.teamtailor.com
Praktika,praktika,https://praktika.teamtailor.com
Prevas,prevas,https://prevas.teamtailor.com
Prevas Partnernätverk,prevaspartnerskap,https://prevaspartnerskap.teamtailor.com
Privacy Manager,privacymanager,https://privacymanager.teamtailor.com
ProActive Software Nederland BV,proactivesoftwarenederlandbv,https://proactivesoftwarenederlandbv.teamtailor.com
Procentia,procentia,https://procentia.teamtailor.com
Proxima,proxima,https://proxima.teamtailor.com
PSC Consulting,psc,https://psc.teamtailor.com
PSL,psl,https://psl.teamtailor.com
Pellervon taloustutkimus PTT ry,ptt,https://ptt.teamtailor.com
Pubity Group Ltd,pubitygroupltd,https://pubitygroupltd.teamtailor.com
Push Gaming,pushgaming,https://pushgaming.teamtailor.com
Puzzel,puzzel,https://puzzel.teamtailor.com
Pyyne Digital,pyynedigital,https://pyynedigital.teamtailor.com
Qevlar AI,qevlar-1721317262,https://qevlar-1721317262.teamtailor.com
Qflow Group,qflow,https://qflow.teamtailor.com
Qlok,qlok,https://qlok.teamtailor.com
Quala Internacional,qualacompany,https://qualacompany.teamtailor.com
JOST Umeå,quicke,https://quicke.teamtailor.com
Quint Group,quint,https://quint.teamtailor.com
Quora – מרחבים מומלצים,quora,https://quora.teamtailor.com
RavenPack,ravenpack,https://ravenpack.teamtailor.com
Redwood City School District,rcsd,https://rcsd.teamtailor.com
RealityMine,realitymine,https://realitymine.teamtailor.com
Real Pet Food Company,realpetfoodcompany,https://realpetfoodcompany.teamtailor.com
Rebtel,rebtel,https://rebtel.teamtailor.com
RecruitGo,recruitgo,https://recruitgo.teamtailor.com
Rejlers Abu Dhabi,rejlersabudhabi,https://rejlersabudhabi.teamtailor.com
Relatable,relatable,https://relatable.teamtailor.com
Reload Logistics,reloadlogistics,https://reloadlogistics.teamtailor.com
Remote Recruitment,remoterecruitment,https://remoterecruitment.teamtailor.com
Remote World,remoteworld,https://remoteworld.teamtailor.com
Resourcify,resourcify,https://resourcify.teamtailor.com
ResQ Club,resqclub,https://resqclub.teamtailor.com
Return on Investment Ltd,returnoninvestment,https://returnoninvestment.teamtailor.com
Revalue,revalue,https://revalue.teamtailor.com
River Delta Unified School District,riverdeltaunifiedschooldistrict,https://riverdeltaunifiedschooldistrict.teamtailor.com
RIXO,rixo,https://rixo.teamtailor.com
RoadSync,roadsync,https://roadsync.teamtailor.com
Rocco Forte Hotels - Italy,roccofortehotelsitaly,https://roccofortehotelsitaly.teamtailor.com
Root Platform,root,https://root.teamtailor.com
RORA,rora,https://rora.teamtailor.com
ROSALIE,rosalie,https://rosalie.teamtailor.com
Ruby Central,rubycentral,https://rubycentral.teamtailor.com
Run Communications,run,https://run.teamtailor.com
RunRemote,runremote-1694559579,https://runremote-1694559579.teamtailor.com
RUSH,rushdigital,https://rushdigital.teamtailor.com
SaaS,saasglobal,https://saasglobal.teamtailor.com
SaaS,saasglobal-termly,https://saasglobal-termly.teamtailor.com
SABON,sabon,https://sabon.teamtailor.com
Saigu Cosmetics,saigucosmetics,https://saigucosmetics.teamtailor.com
Sales Consulting,salesconsulting,https://salesconsulting.teamtailor.com
Sandbox Interactive,sandboxinteractive,https://sandboxinteractive.teamtailor.com
Satellite Office,satelliteoffice-1742766257,https://satelliteoffice-1742766257.teamtailor.com
SBAB,sbab,https://sbab.teamtailor.com
Scalr,scalr,https://scalr.teamtailor.com
Schibsted,schibsted,https://schibsted.teamtailor.com
Science me Up,sciencemeup,https://sciencemeup.teamtailor.com
Scissero,scissero,https://scissero.teamtailor.com
Screener,screener,https://screener.teamtailor.com
Scuffers Partners SL,scuffers,https://scuffers.teamtailor.com
SD Worx Group,sdworxgroup,https://sdworxgroup.teamtailor.com
Securitas,securitas,https://securitas.teamtailor.com
Seedtag,seedtag,https://seedtag.teamtailor.com
Select Machining Technologies,selectmachiningtechnologies,https://selectmachiningtechnologies.teamtailor.com
Sensu A/S,sensu,https://sensu.teamtailor.com
Senzum,senzum,https://senzum.teamtailor.com
Sessions,sessions,https://sessions.teamtailor.com
Setup,setup,https://setup.teamtailor.com
SEVER Pharma Solutions,severpharmasolutions,https://severpharmasolutions.teamtailor.com
Shalion,shalion,https://shalion.teamtailor.com
SHD,shd,https://shd.teamtailor.com
Shellworks,shellworks,https://shellworks.teamtailor.com
SHGH Group,shgh,https://shgh.teamtailor.com
Shieldpay,shieldpay,https://shieldpay.teamtailor.com
Five way,shop,https://shop.teamtailor.com
shopify,shopify,https://shopify.teamtailor.com
Shotgun,shotgun,https://shotgun.teamtailor.com
Showcase,showcase,https://showcase.teamtailor.com
SHT Smart High Tech,shtsmarthightech,https://shtsmarthightech.teamtailor.com
Siemens,siemens,https://siemens.teamtailor.com
Signicat,signicat,https://signicat.teamtailor.com
Siili Solutions,siili,https://siili.teamtailor.com
Silae,silae-career,https://silae-career.teamtailor.com
Silent Eight,silenteight,https://silenteight.teamtailor.com
Silex,silex,https://silex.teamtailor.com
SimplyBook,simplybook,https://simplybook.teamtailor.com
Simucube,simucube,https://simucube.teamtailor.com
Sinclair,sinclair,https://sinclair.teamtailor.com
Sisu Group,sisugroup,https://sisugroup.teamtailor.com
Six Senses London,sixsenseslondon,https://sixsenseslondon.teamtailor.com
Six Stories,sixstories,https://sixstories.teamtailor.com
Fundació d'Atenció a la Dependència - Sant Joan de Déu,sjd,https://sjd.teamtailor.com
SkillOnNet,skillonnet-1744715103,https://skillonnet-1744715103.teamtailor.com
Skippo,skippo,https://skippo.teamtailor.com
Skönhetsgruppen.,skonhetsgruppen,https://skonhetsgruppen.teamtailor.com
SKYLOTEC Group,skylotec,https://skylotec.teamtailor.com
Slater Consult,slaterconsult,https://slaterconsult.teamtailor.com
SmartestEnergy,smartestenergy,https://smartestenergy.teamtailor.com
Smart Managed Solutions,smartmanagedsolutions-1734694596,https://smartmanagedsolutions-1734694596.teamtailor.com
Smart Media Agency,smartmediaagency,https://smartmediaagency.teamtailor.com
Smart Pension,smartpension,https://smartpension.teamtailor.com
SmartVault,smartvault,https://smartvault.teamtailor.com
Snappy Shopper,snappyshopper,https://snappyshopper.teamtailor.com
Softonic,softonic,https://softonic.teamtailor.com
SOFTSWISS,softswiss,https://softswiss.teamtailor.com
SOLEVO,solevo-1695109387,https://solevo-1695109387.teamtailor.com
Soundtrap,soundtrap,https://soundtrap.teamtailor.com
Spacelift,spacelift,https://spacelift.teamtailor.com
Sparteo,sparteo,https://sparteo.teamtailor.com
Sparx Branding,sparxbranding,https://sparxbranding.teamtailor.com
SantaPark Arctic World,spaw,https://spaw.teamtailor.com
SPG Carrière,spg,https://spg.teamtailor.com
spiderSilk,spidersilk,https://spidersilk.teamtailor.com
Sprints,sprints,https://sprints.teamtailor.com
French Express,ssh,https://ssh.teamtailor.com
STACC,stacc,https://stacc.teamtailor.com
Standard,standard,https://standard.teamtailor.com
Starship Technologies,starship,https://starship.teamtailor.com
Start Communication,startcommunication,https://startcommunication.teamtailor.com
state,state,https://state.teamtailor.com
Stelltec,stelltec,https://stelltec.teamtailor.com
Stillfront,stillfrontgroup,https://stillfrontgroup.teamtailor.com
Svenska Trygghetslösningar,stl,https://stl.teamtailor.com
Stockholm Sport Academy,stockholmsportacademy-1684240458,https://stockholmsportacademy-1684240458.teamtailor.com
Storm8,storm8,https://storm8.teamtailor.com
STRATUS,stratus,https://stratus.teamtailor.com
Stravito,stravito,https://stravito.teamtailor.com
StructureFlow,structureflow,https://structureflow.teamtailor.com
Submit Bemanning,submitab,https://submitab.teamtailor.com
Suessa,suessa,https://suessa.teamtailor.com
sunday,sunday,https://sunday.teamtailor.com
Sunshinestories,sunshinestories,https://sunshinestories.teamtailor.com
SuperAwesome,superawesome,https://superawesome.teamtailor.com
SuperHosting,superhosting,https://superhosting.teamtailor.com
Superloop,superloop-1733718881,https://superloop-1733718881.teamtailor.com
Supersub,supersub,https://supersub.teamtailor.com
surplusmap,surplusmap,https://surplusmap.teamtailor.com
SUS,sus,https://sus.teamtailor.com
SVH,svh,https://svh.teamtailor.com
SVP,svp,https://svp.teamtailor.com
swan.io,swanio,https://swanio.teamtailor.com
Swap,swap,https://swap.teamtailor.com
Sweatcoin,sweatcoin,https://sweatcoin.teamtailor.com
Sweef,sweef,https://sweef.teamtailor.com
SWEEP,sweep,https://sweep.teamtailor.com
Smart,sweet,https://sweet.teamtailor.com
Swiss AviationSoftware,swissas,https://swissas.teamtailor.com
Switchboard LGBTQIA+,switchboard,https://switchboard.teamtailor.com
SYBO,sybo,https://sybo.teamtailor.com
Symbio,symbio,https://symbio.teamtailor.com
Synmatch AI,synmatchai,https://synmatchai.teamtailor.com
Synthesized,synthesized,https://synthesized.teamtailor.com
T7T,t7t,https://t7t.teamtailor.com
Flauer selezione,taimeselezione-1736348084,https://taimeselezione-1736348084.teamtailor.com
talan,talan,https://talan.teamtailor.com
Talentin,talentin,https://talentin.teamtailor.com
Tamatem,tamatem,https://tamatem.teamtailor.com
tamigo,tamigo,https://tamigo.teamtailor.com
International Taste Institute,tasteinstitute-1742120765,https://tasteinstitute-1742120765.teamtailor.com
TawanTech,tawantech,https://tawantech.teamtailor.com
TCI Transportation,tcitransportation,https://tcitransportation.teamtailor.com
Timaru District Council,tdc,https://tdc.teamtailor.com
Team Olivia,teamolivia,https://teamolivia.teamtailor.com
TeamViewer Germany GmbH,teamviewer,https://teamviewer.teamtailor.com
Technical Equipment Sales,technicalequipmentsales,https://technicalequipmentsales.teamtailor.com
TechSeed,techseed,https://techseed.teamtailor.com
Tecnica Group,tecnicagroup,https://tecnicagroup.teamtailor.com
teenage engineering,teenageengineering-1607935813,https://teenageengineering-1607935813.teamtailor.com
Telebyrån,telebyran,https://telebyran.teamtailor.com
Templafy,templafy,https://templafy.teamtailor.com
Tenpo,tenpo,https://tenpo.teamtailor.com
Avarda Group,tfbank,https://tfbank.teamtailor.com
Thaïs,thais,https://thais.teamtailor.com
The Ardonagh Group,theardonaghgroup,https://theardonaghgroup.teamtailor.com
The Balmoral,thebalmoral,https://thebalmoral.teamtailor.com
The Boundary,theboundary,https://theboundary.teamtailor.com
The Growth Foundation,thegrowthfoundation-1640252175,https://thegrowthfoundation-1640252175.teamtailor.com
The Hospitality Club,thehospitalityclub-1720688400,https://thehospitalityclub-1720688400.teamtailor.com
The Hospitality Recruiters,thehospitalityrecruiters,https://thehospitalityrecruiters.teamtailor.com
The LEGO Foundation,thelegofoundation,https://thelegofoundation.teamtailor.com
The MISSION Group,themissiongroup-speed,https://themissiongroup-speed.teamtailor.com
The SpitJack,thespitjack,https://thespitjack.teamtailor.com
The Stage Media Company Ltd,thestagemediacompany,https://thestagemediacompany.teamtailor.com
Threema GmbH,threema,https://threema.teamtailor.com
TicketCo,ticketco,https://ticketco.teamtailor.com
Time,time,https://time.teamtailor.com
Timestamp,timestamp,https://timestamp.teamtailor.com
Tinubu,tinubu,https://tinubu.teamtailor.com
Tiptapp,tiptapp,https://tiptapp.teamtailor.com
TLC Worldwide,tlcworldwide,https://tlcworldwide.teamtailor.com
Tme,tme,https://tme.teamtailor.com
TMG Chicago,tmgchicago,https://tmgchicago.teamtailor.com
Tooploox Sp. z o.o.,tooploox,https://tooploox.teamtailor.com
TOTEME,toteme,https://toteme.teamtailor.com
Toyota Connected Europe,toyotaconnected,https://toyotaconnected.teamtailor.com
Trackline Marketing,tracklinemarketing,https://tracklinemarketing.teamtailor.com
TradingView,tradingview,https://tradingview.teamtailor.com
Trafiko,trafiko,https://trafiko.teamtailor.com
Training Orchestra,trainingorchestra,https://trainingorchestra.teamtailor.com
Travtus,travtus,https://travtus.teamtailor.com
Treon,treon,https://treon.teamtailor.com
Trevor Frances Recruitment,trevorfrances,https://trevorfrances.teamtailor.com
Tribe Wellness,tribebuilders,https://tribebuilders.teamtailor.com
Trident SE,tridentse,https://tridentse.teamtailor.com
Troi,troi,https://troi.teamtailor.com
Tromb,trombgroup,https://trombgroup.teamtailor.com
Truvio,truvio,https://truvio.teamtailor.com
Tsugami America,tsugamiamerica,https://tsugamiamerica.teamtailor.com
tuatara,tuatara,https://tuatara.teamtailor.com
TUESDAY,tuesday,https://tuesday.teamtailor.com
Turbo Tim's Anything Automotive,turbotims,https://turbotims.teamtailor.com
Tussell,tussell-1726842126,https://tussell-1726842126.teamtailor.com
Twin Harbour Interactive,twinharbour,https://twinharbour.teamtailor.com
Talentwelove,twlglobalservicessrl,https://twlglobalservicessrl.teamtailor.com
Type One Energy,typeoneenergy,https://typeoneenergy.teamtailor.com
Good Brands,typology-1732032895,https://typology-1732032895.teamtailor.com
Uber,uber,https://uber.teamtailor.com
UCLA,ucla,https://ucla.teamtailor.com
UMS Skeldar,umsskeldarab,https://umsskeldarab.teamtailor.com
Uncovered Group,uncoveredgroup-1688718843,https://uncoveredgroup-1688718843.teamtailor.com
Understatement AB,understatementab,https://understatementab.teamtailor.com
Unibuddy,unibuddy-1668416154,https://unibuddy-1668416154.teamtailor.com
Unobravo,unobravo,https://unobravo.teamtailor.com
Unobravo International,unobravointernational,https://unobravointernational.teamtailor.com
Untamed,untamed-1719321497,https://untamed-1719321497.teamtailor.com
UpCloud,upcloud,https://upcloud.teamtailor.com
Uptempo,uptempo,https://uptempo.teamtailor.com
urbanest,urbanest,https://urbanest.teamtailor.com
Urban Italian Group,urbanitaliangroupab,https://urbanitaliangroupab.teamtailor.com
Universidad de Ingeniería y Tecnología - UTEC,utec,https://utec.teamtailor.com
Utorg,utorg,https://utorg.teamtailor.com
Vardaga,vardaga,https://vardaga.teamtailor.com
Varicon,varicon-1750116570,https://varicon-1750116570.teamtailor.com
Varnish Software,varnish-software,https://varnish-software.teamtailor.com
VON DER HEIDE,vdh,https://vdh.teamtailor.com
Veho,veho,https://veho.teamtailor.com
Velocity Products,velocityproducts,https://velocityproducts.teamtailor.com
Velox Electro Europe,veloxelectroeurope,https://veloxelectroeurope.teamtailor.com
Velox Electro Nordics AS,veloxelectronordics,https://veloxelectronordics.teamtailor.com
"Veoneer Safety Systems, India",veoneerin,https://veoneerin.teamtailor.com
Veoneer Romania Safety Systems,veoneerro,https://veoneerro.teamtailor.com
VetWise,vetwise,https://vetwise.teamtailor.com
VFX Financial,vfxfinancial,https://vfxfinancial.teamtailor.com
Vidoori,vidoori,https://vidoori.teamtailor.com
Viking,vikingassistance,https://vikingassistance.teamtailor.com
Villa Valentina,villavalentina,https://villavalentina.teamtailor.com
Vincit Partners,vincitpartners,https://vincitpartners.teamtailor.com
VIQI,viqi,https://viqi.teamtailor.com
Virtasant,virtasant,https://virtasant.teamtailor.com
Virtual Teammate,virtualteammate-1719208705,https://virtualteammate-1719208705.teamtailor.com
Visma,visma,https://visma.teamtailor.com
Visma,vismacc,https://vismacc.teamtailor.com
Visma Enterprise AB,vismaenterpriseab,https://vismaenterpriseab.teamtailor.com
Visma Public DK,vismapublictechnologies,https://vismapublictechnologies.teamtailor.com
Visma Software International AS,vismasoftwareinternationalas,https://vismasoftwareinternationalas.teamtailor.com
Visma Tech AB,vismatech,https://vismatech.teamtailor.com
Vitrolife Group,vitrolife,https://vitrolife.teamtailor.com
Vitrue Health,vitruehealth,https://vitruehealth.teamtailor.com
VOKA,voka,https://voka.teamtailor.com
Voky,voky,https://voky.teamtailor.com
Voli Agency,voliagency,https://voliagency.teamtailor.com
Volotea,volotea,https://volotea.teamtailor.com
Volue,volue,https://volue.teamtailor.com
Volumental,volumental,https://volumental.teamtailor.com
Vos Cours,voscours,https://voscours.teamtailor.com
Wagepoint,wagepoint,https://wagepoint.teamtailor.com
Wallhamn,wallhamn,https://wallhamn.teamtailor.com
Wayman Learning Trust,waymaneducation-1710232669,https://waymaneducation-1710232669.teamtailor.com
JABARI,wearediverse2,https://wearediverse2.teamtailor.com
Webnode,webnode,https://webnode.teamtailor.com
Weiss Technik France,weisstechnikfrance-1685692485,https://weisstechnikfrance-1685692485.teamtailor.com
WellsWay,wells-rekrytering-saljutveckling,https://wells-rekrytering-saljutveckling.teamtailor.com
Wenzel's The Bakers,wenzels,https://wenzels.teamtailor.com
Werlabs,werlabs,https://werlabs.teamtailor.com
WeRoad,weroad,https://weroad.teamtailor.com
WhyHireWrong?,whyhirewrong,https://whyhirewrong.teamtailor.com
Wihuri Metro-tukku,wihurimetrotukku,https://wihurimetrotukku.teamtailor.com
Actual Talent,winid,https://winid.teamtailor.com
wintrgarden,wintrgarden-1739357733,https://wintrgarden-1739357733.teamtailor.com
Wiremind,wiremind-1714146283,https://wiremind-1714146283.teamtailor.com
Wiser,wiser,https://wiser.teamtailor.com
Workers,workers,https://workers.teamtailor.com
Workster Jobs,worksterjobs,https://worksterjobs.teamtailor.com
Workyn! Recrutement,workyn,https://workyn.teamtailor.com
World Bank,worldbank,https://worldbank.teamtailor.com
Worldia,worldia,https://worldia.teamtailor.com
Wowcher,wowcher-1676895404,https://wowcher-1676895404.teamtailor.com
wp,wp,https://wp.teamtailor.com
Wrangu,wrangu,https://wrangu.teamtailor.com
Wru,wru,https://wru.teamtailor.com
WSP Central Europe,wspcentraleurope,https://wspcentraleurope.teamtailor.com
WSP Denmark,wspdenmark,https://wspdenmark.teamtailor.com
WSP France,wspfrance,https://wspfrance.teamtailor.com
WSP Italy,wspitaly,https://wspitaly.teamtailor.com
WWF,wwf,https://wwf.teamtailor.com
Xait,xait,https://xait.teamtailor.com
Xbus,xbus,https://xbus.teamtailor.com
XCI,xci,https://xci.teamtailor.com
XEFI,xefi-1721226094,https://xefi-1721226094.teamtailor.com
Yandex,yandex,https://yandex.teamtailor.com
Yaya,yaya,https://yaya.teamtailor.com
Yogiboost,yogiboost2021,https://yogiboost2021.teamtailor.com
Yousign,yousign,https://yousign.teamtailor.com
Youth 2030 Movement,youth2030-1738049921,https://youth2030-1738049921.teamtailor.com
Y Strategie,ystrategie,https://ystrategie.teamtailor.com
Zaber Technologies,zabertechnologies-1748353170,https://zabertechnologies-1748353170.teamtailor.com
Zenco,zenco,https://zenco.teamtailor.com
Zepto,zepto,https://zepto.teamtailor.com
Zinkworks,zinkworks,https://zinkworks.teamtailor.com
Zoner,zoner,https://zoner.teamtailor.com
Zozo,zozo,https://zozo.teamtailor.com
Zymego,zymego,https://zymego.teamtailor.com
Baker Tilly,bakertilly,https://bakertilly.teamtailor.com
YAASS,blend,https://blend.teamtailor.com
edu,edu,https://edu.teamtailor.com
ALTRAD ENDEL,endel,https://endel.teamtailor.com
Fruugo,fruugo,https://fruugo.teamtailor.com
Generali,generali,https://generali.teamtailor.com
GLAM,glam,https://glam.teamtailor.com
Gold Standard,goldstandard,https://goldstandard.teamtailor.com
hiapp,hiapp,https://hiapp.teamtailor.com
Huda Beauty,hudabeauty,https://hudabeauty.teamtailor.com
James allen,jamesallen,https://jamesallen.teamtailor.com
Lager 157,lager157,https://lager157.teamtailor.com
LTT,ltt,https://ltt.teamtailor.com
Masai School,masaischool,https://masaischool.teamtailor.com
Monster,monster,https://monster.teamtailor.com
Novati,next,https://next.teamtailor.com
ONCE,once,https://once.teamtailor.com
Owen,owen,https://owen.teamtailor.com
OXXO,oxxo,https://oxxo.teamtailor.com
Parc Astérix,parcasterix,https://parcasterix.teamtailor.com
PPS,pps,https://pps.teamtailor.com
Secomea,secomea,https://secomea.teamtailor.com
Norda Stelo,nordastelo,https://nordastelo.teamtailor.com
Rainbow Greenhouses Inc.,rainbowgreenhousesinc,https://rainbowgreenhousesinc.teamtailor.com
Groupe Santé Nadon,groupesantenadon,https://groupesantenadon.teamtailor.com
LFG Construction,lfgconstruction,https://lfgconstruction.teamtailor.com
Corvus Energy,corvusenergy,https://corvusenergy.teamtailor.com
Veoneer Canada,veoneerca,https://veoneerca.teamtailor.com
Search Atlas,searchatlas,https://searchatlas.teamtailor.com
Recruitment Room,recruitmentroomltdnew,https://recruitmentroomltdnew.teamtailor.com
Canatu Finland Oy,canatuoy,https://canatuoy.teamtailor.com
The Alinea Group,thealineagroup-1700147786,https://thealineagroup-1700147786.teamtailor.com
aebr,aebr,https://aebr.teamtailor.com
almond-board-of-cyber,almond-board-of-cyber,https://almond-board-of-cyber.teamtailor.com
assistansbolaget,assistansbolaget,https://assistansbolaget.teamtailor.com
aswo,aswo,https://aswo.teamtailor.com
avosano,avosano,https://avosano.teamtailor.com
awaze-die-ferienhaus-agentur,awaze-die-ferienhaus-agentur,https://awaze-die-ferienhaus-agentur.teamtailor.com
birnpartners,birnpartners,https://birnpartners.teamtailor.com
biscuitinternationalvf,biscuitinternationalvf,https://biscuitinternationalvf.teamtailor.com
biscuitinternationalvf-demo-biscuit-international-portugal,biscuitinternationalvf-demo-biscuit-international-portugal,https://biscuitinternationalvf-demo-biscuit-international-portugal.teamtailor.com
bruks,bruks,https://bruks.teamtailor.com
bulk,bulk,https://bulk.teamtailor.com
caparol,caparol,https://caparol.teamtailor.com
condeco-1741867353,condeco-1741867353,https://condeco-1741867353.teamtailor.com
cornerstonecapital,cornerstonecapital,https://cornerstonecapital.teamtailor.com
crdprodectionab,crdprodectionab,https://crdprodectionab.teamtailor.com
cromologygroup,cromologygroup,https://cromologygroup.teamtailor.com
discover,discover,https://discover.teamtailor.com
eossaunatechnikgmbh,eossaunatechnikgmbh,https://eossaunatechnikgmbh.teamtailor.com
ergobaltics,ergobaltics,https://ergobaltics.teamtailor.com
garantum,garantum,https://garantum.teamtailor.com
globeteam-1734338576,globeteam-1734338576,https://globeteam-1734338576.teamtailor.com
huaweiaustria,huaweiaustria,https://huaweiaustria.teamtailor.com
idax,idax,https://idax.teamtailor.com
integrations,integrations,https://integrations.teamtailor.com
kellydeli,kellydeli,https://kellydeli.teamtailor.com
kellydelipartnerships-1692187640,kellydelipartnerships-1692187640,https://kellydelipartnerships-1692187640.teamtailor.com
komodowellbeing,komodowellbeing,https://komodowellbeing.teamtailor.com
lgservicesgroupptyltd,lgservicesgroupptyltd,https://lgservicesgroupptyltd.teamtailor.com
maisonlutetia,maisonlutetia,https://maisonlutetia.teamtailor.com
mcommemutuelle-1730891507,mcommemutuelle-1730891507,https://mcommemutuelle-1730891507.teamtailor.com
mecapack,mecapack,https://mecapack.teamtailor.com
mgroup,mgroup,https://mgroup.teamtailor.com
nachhilfeunterricht,nachhilfeunterricht,https://nachhilfeunterricht.teamtailor.com
nad,nad,https://nad.teamtailor.com
napa,napa,https://napa.teamtailor.com
neag,neag,https://neag.teamtailor.com
neilsonfinancialserviceslive-1734523671,neilsonfinancialserviceslive-1734523671,https://neilsonfinancialserviceslive-1734523671.teamtailor.com
nested,nested,https://nested.teamtailor.com
newbestsrl-1746516054,newbestsrl-1746516054,https://newbestsrl-1746516054.teamtailor.com
nipromec,nipromec,https://nipromec.teamtailor.com
nobiaab-hth,nobiaab-hth,https://nobiaab-hth.teamtailor.com
nobiaab-magnet,nobiaab-magnet,https://nobiaab-magnet.teamtailor.com
nofence,nofence,https://nofence.teamtailor.com
norasondegruppen,norasondegruppen,https://norasondegruppen.teamtailor.com
nordkysten,nordkysten,https://nordkysten.teamtailor.com
nordlaks,nordlaks,https://nordlaks.teamtailor.com
nordtechgroup,nordtechgroup,https://nordtechgroup.teamtailor.com
norr,norr,https://norr.teamtailor.com
norr3,norr3,https://norr3.teamtailor.com
norrskenlauncher,norrskenlauncher,https://norrskenlauncher.teamtailor.com
norteam,norteam,https://norteam.teamtailor.com
novaxia,novaxia,https://novaxia.teamtailor.com
novoviande,novoviande,https://novoviande.teamtailor.com
nubox,nubox,https://nubox.teamtailor.com
nudiejeans-1624353382,nudiejeans-1624353382,https://nudiejeans-1624353382.teamtailor.com
ocabdk-1739201229,ocabdk-1739201229,https://ocabdk-1739201229.teamtailor.com
ocagency,ocagency,https://ocagency.teamtailor.com
ocs,ocs,https://ocs.teamtailor.com
octannklinikker,octannklinikker,https://octannklinikker.teamtailor.com
odigo,odigo,https://odigo.teamtailor.com
officecloud,officecloud,https://officecloud.teamtailor.com
ohmenergie,ohmenergie,https://ohmenergie.teamtailor.com
olavthon,olavthon,https://olavthon.teamtailor.com
olkasportresor,olkasportresor,https://olkasportresor.teamtailor.com
olocollection,olocollection,https://olocollection.teamtailor.com
omexom,omexom,https://omexom.teamtailor.com
omexomfi,omexomfi,https://omexomfi.teamtailor.com
omexomno,omexomno,https://omexomno.teamtailor.com
omexomsor,omexomsor,https://omexomsor.teamtailor.com
omfjeld-1665829229,omfjeld-1665829229,https://omfjeld-1665829229.teamtailor.com
omniarch,omniarch,https://omniarch.teamtailor.com
omnistaff,omnistaff,https://omnistaff.teamtailor.com
omnium-amby,omnium-amby,https://omnium-amby.teamtailor.com
omny,omny,https://omny.teamtailor.com
omsorgassistans,omsorgassistans,https://omsorgassistans.teamtailor.com
omtanken,omtanken,https://omtanken.teamtailor.com
onemotion,onemotion,https://onemotion.teamtailor.com
onestarab,onestarab,https://onestarab.teamtailor.com
operanorway,operanorway,https://operanorway.teamtailor.com
opplandelektro,opplandelektro,https://opplandelektro.teamtailor.com
optoscale,optoscale,https://optoscale.teamtailor.com
orangit,orangit,https://orangit.teamtailor.com
orapartenaires,orapartenaires,https://orapartenaires.teamtailor.com
orisha,orisha,https://orisha.teamtailor.com
palaceforlifefoundation,palaceforlifefoundation,https://palaceforlifefoundation.teamtailor.com
paragraaffi,paragraaffi,https://paragraaffi.teamtailor.com
pedagogiskbemanning,pedagogiskbemanning,https://pedagogiskbemanning.teamtailor.com
pensionbeelimited-1750950714,pensionbeelimited-1750950714,https://pensionbeelimited-1750950714.teamtailor.com
photosol,photosol,https://photosol.teamtailor.com
pilotcentralservicesgmbh-1732700099,pilotcentralservicesgmbh-1732700099,https://pilotcentralservicesgmbh-1732700099.teamtailor.com
pinchonationfinland,pinchonationfinland,https://pinchonationfinland.teamtailor.com
pinchonationnorway,pinchonationnorway,https://pinchonationnorway.teamtailor.com
pinkinternetgmbh,pinkinternetgmbh,https://pinkinternetgmbh.teamtailor.com
platform24,platform24,https://platform24.teamtailor.com
plenitudeconsulting,plenitudeconsulting,https://plenitudeconsulting.teamtailor.com
plissonneau,plissonneau,https://plissonneau.teamtailor.com
polypeptidebelgium,polypeptidebelgium,https://polypeptidebelgium.teamtailor.com
polypeptidestrasbourg,polypeptidestrasbourg,https://polypeptidestrasbourg.teamtailor.com
pooliaexecutivesearch,pooliaexecutivesearch,https://pooliaexecutivesearch.teamtailor.com
porkkanajakeppioy,porkkanajakeppioy,https://porkkanajakeppioy.teamtailor.com
preemab,preemab,https://preemab.teamtailor.com
preferredbynature-1671527207,preferredbynature-1671527207,https://preferredbynature-1671527207.teamtailor.com
prevastm,prevastm,https://prevastm.teamtailor.com
primeflightuk,primeflightuk,https://primeflightuk.teamtailor.com
profinder-1736519241,profinder-1736519241,https://profinder-1736519241.teamtailor.com
protectorforsakringsverige,protectorforsakringsverige,https://protectorforsakringsverige.teamtailor.com
providentpoland,providentpoland,https://providentpoland.teamtailor.com
providentromania,providentromania,https://providentromania.teamtailor.com
psv,psv,https://psv.teamtailor.com
puntonet,puntonet,https://puntonet.teamtailor.com
purposefulventures-1727780646,purposefulventures-1727780646,https://purposefulventures-1727780646.teamtailor.com
qbdbv,qbdbv,https://qbdbv.teamtailor.com
qocosystems,qocosystems,https://qocosystems.teamtailor.com
qsecurity,qsecurity,https://qsecurity.teamtailor.com
quantumsurgical,quantumsurgical,https://quantumsurgical.teamtailor.com
qutwo,qutwo,https://qutwo.teamtailor.com
raggededge,raggededge,https://raggededge.teamtailor.com
rantalainen,rantalainen,https://rantalainen.teamtailor.com
ravaj,ravaj,https://ravaj.teamtailor.com
rebelbird,rebelbird,https://rebelbird.teamtailor.com
redbadgegroup,redbadgegroup,https://redbadgegroup.teamtailor.com
regengroup,regengroup,https://regengroup.teamtailor.com
rehabunited,rehabunited,https://rehabunited.teamtailor.com
renoagroupsverige,renoagroupsverige,https://renoagroupsverige.teamtailor.com
rentalcaresverige,rentalcaresverige,https://rentalcaresverige.teamtailor.com
reperiosearch,reperiosearch,https://reperiosearch.teamtailor.com
reqcon,reqcon,https://reqcon.teamtailor.com
reqruitz,reqruitz,https://reqruitz.teamtailor.com
resightsaps,resightsaps,https://resightsaps.teamtailor.com
rettaisannointi,rettaisannointi,https://rettaisannointi.teamtailor.com
riflexfilm,riflexfilm,https://riflexfilm.teamtailor.com
rightathomecolchesterdistrict,rightathomecolchesterdistrict,https://rightathomecolchesterdistrict.teamtailor.com
rightathomeoxford,rightathomeoxford,https://rightathomeoxford.teamtailor.com
ritzparislecomptoir,ritzparislecomptoir,https://ritzparislecomptoir.teamtailor.com
rodekorsiop,rodekorsiop,https://rodekorsiop.teamtailor.com
rosenssonsconsultingab,rosenssonsconsultingab,https://rosenssonsconsultingab.teamtailor.com
rossieyoungpeoplestrust,rossieyoungpeoplestrust,https://rossieyoungpeoplestrust.teamtailor.com
royalpharmaceuticalsociety,royalpharmaceuticalsociety,https://royalpharmaceuticalsociety.teamtailor.com
royalrobbins,royalrobbins,https://royalrobbins.teamtailor.com
roycedentalgroup,roycedentalgroup,https://roycedentalgroup.teamtailor.com
rubrik,rubrik,https://rubrik.teamtailor.com
sabrura,sabrura,https://sabrura.teamtailor.com
safely,safely,https://safely.teamtailor.com
salesjobs,salesjobs,https://salesjobs.teamtailor.com
salesvalley,salesvalley,https://salesvalley.teamtailor.com
salt,salt,https://salt.teamtailor.com
samblagroupab,samblagroupab,https://samblagroupab.teamtailor.com
sancare-1694702307,sancare-1694702307,https://sancare-1694702307.teamtailor.com
sandboxsaurtestjtmo-1743074489,sandboxsaurtestjtmo-1743074489,https://sandboxsaurtestjtmo-1743074489.teamtailor.com
santafeinstitute,santafeinstitute,https://santafeinstitute.teamtailor.com
saps,saps,https://saps.teamtailor.com
sarlnbd,sarlnbd,https://sarlnbd.teamtailor.com
savillsgraduates,savillsgraduates,https://savillsgraduates.teamtailor.com
scanreco-1716291353,scanreco-1716291353,https://scanreco-1716291353.teamtailor.com
search4s,search4s,https://search4s.teamtailor.com
seasonshrmanagementoy,seasonshrmanagementoy,https://seasonshrmanagementoy.teamtailor.com
sebembedded,sebembedded,https://sebembedded.teamtailor.com
seeders,seeders,https://seeders.teamtailor.com
seenconnects-1743434611,seenconnects-1743434611,https://seenconnects-1743434611.teamtailor.com
seenconnects-1743434611-seen-studios,seenconnects-1743434611-seen-studios,https://seenconnects-1743434611-seen-studios.teamtailor.com
sembo,sembo,https://sembo.teamtailor.com
seniorstyrken,seniorstyrken,https://seniorstyrken.teamtailor.com
seriosgroup,seriosgroup,https://seriosgroup.teamtailor.com
sevendos-aimbition,sevendos-aimbition,https://sevendos-aimbition.teamtailor.com
sevr,sevr,https://sevr.teamtailor.com
sharkbemanning,sharkbemanning,https://sharkbemanning.teamtailor.com
sidagroup,sidagroup,https://sidagroup.teamtailor.com
siemersspezialistengmbh-1738597040,siemersspezialistengmbh-1738597040,https://siemersspezialistengmbh-1738597040.teamtailor.com
signaturitsolutionsslu,signaturitsolutionsslu,https://signaturitsolutionsslu.teamtailor.com
sirona,sirona,https://sirona.teamtailor.com
sixsensesibiza,sixsensesibiza,https://sixsensesibiza.teamtailor.com
sjomarkensisolering,sjomarkensisolering,https://sjomarkensisolering.teamtailor.com
skagerakconsulting,skagerakconsulting,https://skagerakconsulting.teamtailor.com
skagerakenergias,skagerakenergias,https://skagerakenergias.teamtailor.com
skagerakenergias-lede,skagerakenergias-lede,https://skagerakenergias-lede.teamtailor.com
skillaoy,skillaoy,https://skillaoy.teamtailor.com
skillscandinavia-1737118918,skillscandinavia-1737118918,https://skillscandinavia-1737118918.teamtailor.com
skillyou,skillyou,https://skillyou.teamtailor.com
skyboundwealthmanagement,skyboundwealthmanagement,https://skyboundwealthmanagement.teamtailor.com
smartcraftfinland,smartcraftfinland,https://smartcraftfinland.teamtailor.com
smartsanteconseil,smartsanteconseil,https://smartsanteconseil.teamtailor.com
smsparbank-1746432881,smsparbank-1746432881,https://smsparbank-1746432881.teamtailor.com
snsf,snsf,https://snsf.teamtailor.com
soeur-1711354805,soeur-1711354805,https://soeur-1711354805.teamtailor.com
solariaenergia-1744645622,solariaenergia-1744645622,https://solariaenergia-1744645622.teamtailor.com
sollentunahem,sollentunahem,https://sollentunahem.teamtailor.com
solsteingruppen-fronbygg,solsteingruppen-fronbygg,https://solsteingruppen-fronbygg.teamtailor.com
somersetcricketclub,somersetcricketclub,https://somersetcricketclub.teamtailor.com
sonatas,sonatas,https://sonatas.teamtailor.com
sonergia-1732699776,sonergia-1732699776,https://sonergia-1732699776.teamtailor.com
southeastriverstrust-1743001843,southeastriverstrust-1743001843,https://southeastriverstrust-1743001843.teamtailor.com
spacenk,spacenk,https://spacenk.teamtailor.com
sparbankenmalardalen,sparbankenmalardalen,https://sparbankenmalardalen.teamtailor.com
spark,spark,https://spark.teamtailor.com
spawnpointmedia-1677622320,spawnpointmedia-1677622320,https://spawnpointmedia-1677622320.teamtailor.com
spectramark-1669208252,spectramark-1669208252,https://spectramark-1669208252.teamtailor.com
spek,spek,https://spek.teamtailor.com
spiko,spiko,https://spiko.teamtailor.com
spottingmeab,spottingmeab,https://spottingmeab.teamtailor.com
sproud,sproud,https://sproud.teamtailor.com
squeeze,squeeze,https://squeeze.teamtailor.com
srsgroup,srsgroup,https://srsgroup.teamtailor.com
ssa,ssa,https://ssa.teamtailor.com
starsuite,starsuite,https://starsuite.teamtailor.com
statsperform,statsperform,https://statsperform.teamtailor.com
stellariadesign-1729082442,stellariadesign-1729082442,https://stellariadesign-1729082442.teamtailor.com
stichtingtravers-doomijn,stichtingtravers-doomijn,https://stichtingtravers-doomijn.teamtailor.com
stretch,stretch,https://stretch.teamtailor.com
sts,sts,https://sts.teamtailor.com
suomenhenkilostopoolioy,suomenhenkilostopoolioy,https://suomenhenkilostopoolioy.teamtailor.com
svealand,svealand,https://svealand.teamtailor.com
svenskakyrkanmalmo,svenskakyrkanmalmo,https://svenskakyrkanmalmo.teamtailor.com
svenskavetcareers,svenskavetcareers,https://svenskavetcareers.teamtailor.com
swedenhrgroup,swedenhrgroup,https://swedenhrgroup.teamtailor.com
sweetpunk-1672394585,sweetpunk-1672394585,https://sweetpunk-1672394585.teamtailor.com
sympa,sympa,https://sympa.teamtailor.com
synertek,synertek,https://synertek.teamtailor.com
synoptikgroupdenmark-smarteyes,synoptikgroupdenmark-smarteyes,https://synoptikgroupdenmark-smarteyes.teamtailor.com
synoptikgroupnorway-brilleland,synoptikgroupnorway-brilleland,https://synoptikgroupnorway-brilleland.teamtailor.com
synoptikgroupnorway-interoptik,synoptikgroupnorway-interoptik,https://synoptikgroupnorway-interoptik.teamtailor.com
tacting,tacting,https://tacting.teamtailor.com
talentbee,talentbee,https://talentbee.teamtailor.com
talentfix,talentfix,https://talentfix.teamtailor.com
talentify,talentify,https://talentify.teamtailor.com
tanndalen,tanndalen,https://tanndalen.teamtailor.com
teambluebulgaria,teambluebulgaria,https://teambluebulgaria.teamtailor.com
telenorlinx-1750856670,telenorlinx-1750856670,https://telenorlinx-1750856670.teamtailor.com
telenorsharedservices,telenorsharedservices,https://telenorsharedservices.teamtailor.com
telenorsweden,telenorsweden,https://telenorsweden.teamtailor.com
telloxfinansservice,telloxfinansservice,https://telloxfinansservice.teamtailor.com
tendios,tendios,https://tendios.teamtailor.com
teqflo,teqflo,https://teqflo.teamtailor.com
terredivignesrl,terredivignesrl,https://terredivignesrl.teamtailor.com
territorystudio,territorystudio,https://territorystudio.teamtailor.com
thalamus,thalamus,https://thalamus.teamtailor.com
thecrownestate,thecrownestate,https://thecrownestate.teamtailor.com
theindiestone-demo-demo,theindiestone-demo-demo,https://theindiestone-demo-demo.teamtailor.com
thelunchbag,thelunchbag,https://thelunchbag.teamtailor.com
theramblers-1651591500,theramblers-1651591500,https://theramblers-1651591500.teamtailor.com
therapieland,therapieland,https://therapieland.teamtailor.com
thermaindustrias,thermaindustrias,https://thermaindustrias.teamtailor.com
threep,threep,https://threep.teamtailor.com
thyssenkruppromania,thyssenkruppromania,https://thyssenkruppromania.teamtailor.com
tikettioy,tikettioy,https://tikettioy.teamtailor.com
titry,titry,https://titry.teamtailor.com
tjintokk,tjintokk,https://tjintokk.teamtailor.com
toppansecurity,toppansecurity,https://toppansecurity.teamtailor.com
tornum,tornum,https://tornum.teamtailor.com
trancheboulangeries,trancheboulangeries,https://trancheboulangeries.teamtailor.com
trattoriagiorgios,trattoriagiorgios,https://trattoriagiorgios.teamtailor.com
trelleborgsenergi-1746431312,trelleborgsenergi-1746431312,https://trelleborgsenergi-1746431312.teamtailor.com
trinityfiresecuritysystems,trinityfiresecuritysystems,https://trinityfiresecuritysystems.teamtailor.com
tt,tt,https://tt.teamtailor.com
tuidi-1737646222,tuidi-1737646222,https://tuidi-1737646222.teamtailor.com
tunstallgermany,tunstallgermany,https://tunstallgermany.teamtailor.com
turbinen-1656534952,turbinen-1656534952,https://turbinen-1656534952.teamtailor.com
tutoringjobs,tutoringjobs,https://tutoringjobs.teamtailor.com
twodaydenmark,twodaydenmark,https://twodaydenmark.teamtailor.com
twodayfinland,twodayfinland,https://twodayfinland.teamtailor.com
twodaygroup,twodaygroup,https://twodaygroup.teamtailor.com
twodaylithuania,twodaylithuania,https://twodaylithuania.teamtailor.com
uksprinklersltd,uksprinklersltd,https://uksprinklersltd.teamtailor.com
ungapped,ungapped,https://ungapped.teamtailor.com
unicefsverige,unicefsverige,https://unicefsverige.teamtailor.com
unikalss,unikalss,https://unikalss.teamtailor.com
unikum,unikum,https://unikum.teamtailor.com
unox-amby,unox-amby,https://unox-amby.teamtailor.com
uppstuk,uppstuk,https://uppstuk.teamtailor.com
upstart13,upstart13,https://upstart13.teamtailor.com
urbandeli,urbandeli,https://urbandeli.teamtailor.com
urbasolar,urbasolar,https://urbasolar.teamtailor.com
vaccindirektisverigeab,vaccindirektisverigeab,https://vaccindirektisverigeab.teamtailor.com
vaccinova,vaccinova,https://vaccinova.teamtailor.com
valsea,valsea,https://valsea.teamtailor.com
vandelanotte-1726559849,vandelanotte-1726559849,https://vandelanotte-1726559849.teamtailor.com
vanmosseluk,vanmosseluk,https://vanmosseluk.teamtailor.com
vavato,vavato,https://vavato.teamtailor.com
vedecom,vedecom,https://vedecom.teamtailor.com
veidekke,veidekke,https://veidekke.teamtailor.com
velstar,velstar,https://velstar.teamtailor.com
ventimera,ventimera,https://ventimera.teamtailor.com
veoneerfr,veoneerfr,https://veoneerfr.teamtailor.com
veoneerus,veoneerus,https://veoneerus.teamtailor.com
verifiedglobalab,verifiedglobalab,https://verifiedglobalab.teamtailor.com
veterankraftab,veterankraftab,https://veterankraftab.teamtailor.com
victoriahem,victoriahem,https://victoriahem.teamtailor.com
vipo,vipo,https://vipo.teamtailor.com
viskoteepakbelgium,viskoteepakbelgium,https://viskoteepakbelgium.teamtailor.com
viskoteepakgermany,viskoteepakgermany,https://viskoteepakgermany.teamtailor.com
viskoteepakmexico,viskoteepakmexico,https://viskoteepakmexico.teamtailor.com
vismadinero,vismadinero,https://vismadinero.teamtailor.com
vismafinland,vismafinland,https://vismafinland.teamtailor.com
vismapublitech,vismapublitech,https://vismapublitech.teamtailor.com
vismasoftware,vismasoftware,https://vismasoftware.teamtailor.com
vistaverbundfurintegrativesozialeun,vistaverbundfurintegrativesozialeun,https://vistaverbundfurintegrativesozialeun.teamtailor.com
vitagroupas,vitagroupas,https://vitagroupas.teamtailor.com
waipanetworks,waipanetworks,https://waipanetworks.teamtailor.com
waterdrop-1732181682,waterdrop-1732181682,https://waterdrop-1732181682.teamtailor.com
webbfontainegroup,webbfontainegroup,https://webbfontainegroup.teamtailor.com
webglobe,webglobe,https://webglobe.teamtailor.com
webmasterybv,webmasterybv,https://webmasterybv.teamtailor.com
webworks,webworks,https://webworks.teamtailor.com
weconoy,weconoy,https://weconoy.teamtailor.com
wellcome,wellcome,https://wellcome.teamtailor.com
wellers-1664880173,wellers-1664880173,https://wellers-1664880173.teamtailor.com
xxlnorge,xxlnorge,https://xxlnorge.teamtailor.com
